cryptopunks,0xb47e3cd837ddf8e4c57f05d70ab865de6e193bbb
boredapeyachtclub,0xbc4ca0eda7647a8ab7c2061c2e118a18a936f13d
mutant-ape-yacht-club,0x60e4d786628fea6478f785a6d7e704777c86a7c6
otherdeed,0x34d85c9cdeb23fa97cb08333b511ac86e1c4e258
Azuki,0xed5af388653567af2f388e6224dc7c4b3241c544
clonex,0x49cf6f5d44e70224e2e23fdcdd2c053f30ada28b
sandbox,0x5cc5b05a8a13e3fbdb0bb9fccd98d38e50f90c38
moonbirds,0x23581767a106ae21c074b2276d25e5c3e136a68b
doodles-official,0x8a90cab2b38dba80c64b7734e58ee1db38b8992e
decentraland,0xf87e31492faf9a91b02ee0deaad50d51d56d5d4d
meebits,0x7bd29408f11d2bfc23c34f18275bbf23bb716bc7
cool-cats-nft,0x1a92f7381b9f03921564a437210bb9396471050c
rarible,0x60f80121c31a0d46b5279700f9df786054aa5ee5
bored-ape-kennel-club,0xba30e5f9bb24caa003e9f2f0497ad287fdf95623
lootproject,0xff9c1b15b16263c61d017ee9f65c50e4ae0113d7
cryptokitties,0x06012c8cf97bead5deae237070f9587f8e7a266d
cryptoadz-by-gremplin,0x1cb1a5e65610aeff2551a50f76a87a7d3fb649c6
world-of-women-nft,0xe785e82358879f061bc3dcac6f0444462d4b5330
parallelalpha,0x76be3b62873462d2142405439777e971754e8e77
superrare,0xb932a70a57673d89f4acffbe830e8ed7f75fb9e0
beanzofficial,0x306b1ea3ecdf94ab739f1910bbda052ed4a9f949
pudgypenguins,0xbd3531da5cf5857e7cfaa92426877b022e612cf8
hapeprime,0x4db1f25d3d98600140dfc18deb7515be5bd293af
bored-ape-chemistry-club,0x22c36bfdcef207f9c0cc941936eff94d4246d14a
veefriends,0xa3aee8bce55beea1951ef834b99f3ac60d1abeeb
rtfkt-mnlth,0x86825dfca7a6224cfbd2da48e85df2fc3aa7c4b1
sorare,0x629a673a8242c2ac4b7b8c5d8735fbeac21a6205
0n1-force,0x3bf2922f4520a8ba0c2efc3d2a1539678dad5e9d
mekaverse,0x9a534628b4062e123ce7ee2222ec20b86e16ca8f
nft-worlds,0xbd4455da5929d5639ee098abfaa3241e9ae111af
murakami-flowers-seed,0x341a1c534248966c4b6afad165b98daed4b964ef
adidasoriginals,0x28472a58a490c5e09a238847f66a68a47cc76f0f
hashmasks,0xc2c747e0f7004f9e8817db2ca4997657a7746928
karafuru,0xd2f668a8461d6761115daf8aeb3cdf5f40c532c6
invisiblefriends,0x59468516a8259058bad1ca5f8f4bff190d30e066
curiocardswrapper,0x73da73ef3a6982109c4d5bdb0db9dd3e3783f313
mfers,0x79fcdef22feed20eddacbb2587640e45491b757f
clonex-mintvial,0x348fc118bcc65a92dc033a951af153d14d945312
creatureworld,0xc92ceddfb8dd984a89fb494c376f9a48b999aafc
phantabear,0x67d9417c9c3c250f61a83c7e8658dac487b56b09
fluf,0xccc441ac31f02cd96c153db6fd5fe0a2f4e6a68d
decentraland-wearables,0xfeb52cbf71b9adac957c6f948a6cf9980ac8c907
3landers,0xb4d06d46a8285f4ec79fd294f78a881799d8ced9
emblem-vault,0x82c7a8f707110f5fbb16184a5933e9f78a34c6ab
cyberkongz-vx,0x7ea3cca10668b8346aec0bf1844a49e995527c8b
cyberbrokers,0x892848074ddea461a15f337250da3ce55580ca85
lostpoets,0xa7206d878c5c3871826dfdb42191c49b1d11f466
primeapeplanetpap,0x6632a9d63e142f17a668064d41a21193b49b41a0
the-doge-pound,0xf4ee95274741437636e748ddac70818b4ed7d043
coolpetsnft,0x86c10d10eca1fca9daf87a279abccabe0063f247
ens,0x57f1887a8bf19b14fc0df6fd9b2acc9af147ea85
pixel-vault-mintpass,0x33cfae13a9486c29cd3b11391cc7eca53822e8c7
lazy-lions,0x8943c7bac1914c9a7aba750bf2b6b09fd21037e0
kaiju-kingz,0x0c2e57efddba8c768147d1fdf9176a0a6ebd5d83
deadfellaz,0x2acab3dea77832c09420663b0e1cb386031ba17b
genesis-creepz,0xfe8c6d19365453d26af321d0e8c910428c23873f
axie,0xf5b0a3efb8e8e4c201e2a935f110eaaf3ffecb8d
world-of-women-galaxy,0xf61f24c2d93bf2de187546b14425bf631f28d6dc
mycryptoheroes,0x77bd275ff2b3dc007475aac9ce7f408f5a800188
alienfrensnft,0x123b30e25973fecd8354dd5f41cc45a3065ef88c
supernormalbyzipcy,0xd532b88607b1877fe20c181cba2550e3bbd6b31c
somnium-space,0x2a378c8d96e7d994fb9bec6adb7c6af2fe772c3b
town-star,0xc36cf0cfcb5d905b8b513860db0cfe63f6cf9f5c
pxnghostdivision,0x160c404b2b49cbc3240055ceaee026df1e8497a0
cyberkongz,0x57a204aa1042f6e66dd7730813f4024114d74f37
cryptovoxels,0x79986af15539de2db9a5086382daeda917a9cf0c
metroverse-genesis,0x0e9d6552b85be180d941f1ca73ae3e318d2d4f1f
collectvox,0xad9fd7cb4fc7a0fbce08d64068f60cbde22ed34c
capsulehouse,0xfcb1315c4273954f74cb16d5b663dbf479eec62e
coolmans-universe,0xa5c0bd78d1667c13bfb403e2a3336871396713c5
worldwidewebbland,0xa1d4657e0e6507d5a94d06da93e94dc7c8c44b51
punks-comic,0x128675d4fddbc4a0d3f8aa777d8ee0fb8b427c2f
supducks,0x3fe1a4c1481c8351e91b64d5c398b159de07cbc5
veefriends-series-2,0x9378368ba6b85c1fba5b131b530f5f5bedf21a18
psychedelics-anonymous-genesis,0x75e95ba5997eb235f40ecf8347cdb11f18ff640b
livesofasuna,0xaf615b61448691fc3e4c61ae4f015d6e77b6cca8
guttercatgang,0xedb61f74b0d09b2558f1eeb79b247c1f363ae452
sneaky-vampire-syndicate,0x219b8ab790decc32444a6600971c7c3718252539
killergf,0x6be69b2a9b153737887cfcdca7781ed1511c7e36
wolf-game,0x7f36182dee28c45de6072a34d29855bae76dbe2f
adam-bomb-squad,0x7ab2352b1d2e185560494d5e577f9d3c238b78c5
cryptoskulls,0xc1caf0c19a8ac28c41fe59ba6c754e4b9bd54de9
888innercircle,0x36d30b3b85255473d27dd0f7fd8f35e36a9d6f06
neotokyo-outer-identities,0x698fbaaca64944376e2cdc4cad86eaa91362cf54
murixhaus,0x4b61413d4392c806e6d0ff5ee91e6073c21d6430
autoglyphs,0xd4e4078ca3495de5b1d4db434bebc5a986197782
impostors-genesis-aliens,0x3110ef5f612208724ca51f5761a69081809f03b7
jungle-freaks-genesis,0x7e6bc952d4b4bd814853301bee48e99891424de0
thecurrency,0xaadc2d4261199ce24a4b0a57370c4fcf43bb60aa
acclimatedmooncats,0xc3f733ca98e0dad0386979eb96fb1722a1a05e69
galacticapes,0x12d2d1bed91c24f878f37e66bd829ce7197e4d14
lil-heroes-by-edgar-plans,0xd78b76fcc33cd416da9d3d42f72649a23d7ac647
arcade-land,0x4a8c9d751eeabc5521a68fb080dd7e72e46462af
rumble-kong-league,0xef0182dc0574cd5874494a120750fd222fdb909a
ragnarok-meta,0x497a9a79e82e6fc0ff10a16f6f75e6fcd5ae65a8
official-v1-punks,0x282bdd42f4eb70e7a9d9f40c8fea0825b7f68c5d
cryptobatz-by-ozzy-osbourne,0xc8adfb4d437357d0a656d4e62fd9a6d22e401aa0
tubby-cats,0xca7ca7bcc765f77339be2d648ba53ce9c8a262bd
oncyber,0x226bf5293692610692e2c996c9875c914d2a7f73
collectvoxmirandus,0xf76179bb0924ba7da8e7b7fc2779495d7a7939d8